{
  "Workflows": [
    {
      "Path": null,
      "SortBy": 0,
      "VariablesSectionElementsOrder": [],
      "ArgumentsSectionElementsOrder": null,
      "ConstantsSectionElementsOrder": null,
      "AddedNamespaces": null
    },
    {
      "Path": "Main.xaml",
      "SortBy": 0,
      "VariablesSectionElementsOrder": [
        "GetTextDFN&SequenceX_1",
        "GetTextStockValue&SequenceX_1",
        "GetTextTime&SequenceX_1",
        "GetText52Min&SequenceX_1",
        "GetText52Max&SequenceX_1",
        "GetTextName&SequenceX_1",
        "dtStockData&SequenceX_1",
        "StockURL&SequenceX_1"
      ],
      "ArgumentsSectionElementsOrder": [],
      "ConstantsSectionElementsOrder": null,
      "AddedNamespaces": null
    }
  ]
}